id,first_name,last_name,gender,Company_Name
1,Mattias,Eykelbosch,Non-binary,Avaveo
2,Demetris,Bulpitt,Bigender,Kazio
3,Averil,Riquet,Male,Linkbuzz
4,Erskine,Gini,Non-binary,Riffwire
5,Cletus,Fitzmaurice,Polygender,Lazzy
6,Field,Bernaert,Genderqueer,Meedoo
7,Ashbey,Payle,Genderfluid,Eazzy
8,Langston,Fookes,Male,Oyope
9,Robbie,Elnaugh,Genderqueer,Agivu
10,Ali,Rubin,Bigender,Zava
11,Tessi,Farleigh,Male,Podcat
12,Sibeal,Tapsfield,Genderqueer,Meedoo
13,Virginie,Andreia,Genderfluid,Wordtune
14,Karia,Danelet,Polygender,Vinder
15,Danica,Thurlbeck,Genderfluid,Trunyx
16,Tarra,Isherwood,Non-binary,Babbleopia
17,Cynthie,Snasel,Polygender,Browsetype
18,Konstantin,Bevans,Non-binary,Rhyzio
19,Alyssa,Dinkin,Male,Zoombeat
20,Joey,Carey,Female,Myworks
21,Teddi,Dmitrienko,Male,Quinu
22,Jennie,Oakwell,Agender,Ailane
23,Coop,Breeder,Polygender,Realbridge
24,Judah,Klauber,Genderqueer,Bubblebox
25,Katlin,Darycott,Non-binary,Quaxo
26,Judon,Whyatt,Agender,Yadel
27,Gert,Staines,Male,Tagopia
28,Rhianon,McGeown,Polygender,Yozio
29,Flossi,Zuker,Male,Twimbo
30,Lotti,Nansom,Genderfluid,Quire
31,Amble,Blues,Non-binary,Meevee
32,Jilli,Jenson,Bigender,Gabtype
33,Darlene,Northern,Genderqueer,Bluezoom
34,Morse,Hewson,Bigender,Oba
35,Ransom,Marrington,Agender,Leexo
36,Tawsha,Skeats,Genderfluid,Skinix
37,Nessi,Breward,Non-binary,Feedbug
38,Callean,Ginner,Agender,Quamba
39,Iain,Wilkin,Bigender,Feedmix
40,Lowe,Heggman,Genderfluid,Gigabox